,index,Week,week_number,year,Year-Week,FRUITS_VEGGIES_m,DAILY_STRESS_m,PLACES_VISITED_m,CORE_CIRCLE_m,SUPPORTING_OTHERS_m,SOCIAL_NETWORK_m,ACHIEVEMENT_m,DONATION_m,BMI_RANGE_m,TODO_COMPLETED_m,FLOW_m,DAILY_STEPS_m,LIVE_VISION_m,SLEEP_HOURS_m,LOST_VACATION_m,DAILY_SHOUTING_m,SUFFICIENT_INCOME_m,PERSONAL_AWARDS_m,TIME_FOR_PASSION_m,WEEKLY_MEDITATION_m,WORK_LIFE_BALANCE_SCORE_m,FRUITS_VEGGIES_f,DAILY_STRESS_f,PLACES_VISITED_f,CORE_CIRCLE_f,SUPPORTING_OTHERS_f,SOCIAL_NETWORK_f,ACHIEVEMENT_f,DONATION_f,BMI_RANGE_f,TODO_COMPLETED_f,FLOW_f,DAILY_STEPS_f,LIVE_VISION_f,SLEEP_HOURS_f,LOST_VACATION_f,DAILY_SHOUTING_f,SUFFICIENT_INCOME_f,PERSONAL_AWARDS_f,TIME_FOR_PASSION_f,WEEKLY_MEDITATION_f,WORK_LIFE_BALANCE_SCORE_f
0,52,2019-01-06,1,2019,2019-1,2.17,2.83,3.17,2.83,6.17,6.33,3.83,2.0,1.67,5.17,3.0,6.83,0.67,7.0,1.17,2.33,1.67,5.67,3.67,5.67,647.55,3.05,2.42,6.21,4.79,5.68,6.42,4.47,3.32,1.32,6.42,3.79,5.58,3.37,7.16,3.32,3.42,1.74,6.63,2.53,6.95,674.87
1,53,2019-01-13,2,2019,2019-2,2.18,2.41,4.12,4.06,3.47,6.24,3.82,1.24,1.41,4.06,1.94,6.35,2.24,6.0,2.41,3.24,1.76,4.24,2.35,6.47,640.57,3.37,3.21,5.84,6.16,6.11,6.11,2.95,3.0,1.42,6.63,3.42,5.79,2.79,7.16,2.68,2.84,1.84,5.26,3.63,6.53,671.52
2,54,2019-01-20,3,2019,2019-3,2.79,2.38,5.38,5.42,5.21,6.12,3.79,1.71,1.42,4.88,3.58,5.79,3.62,6.88,1.96,2.92,1.75,5.29,3.0,7.08,663.61,2.5,3.19,6.08,4.81,6.23,6.54,3.58,2.85,1.31,5.81,3.19,5.23,2.88,6.62,4.08,3.27,1.81,5.58,3.0,4.88,659.42
3,55,2019-01-27,4,2019,2019-4,2.47,2.89,6.32,5.05,5.16,5.84,4.21,2.53,1.47,5.53,3.26,7.37,4.32,6.53,3.68,2.11,1.68,6.95,3.32,6.79,667.95,2.33,3.0,5.72,5.5,5.5,5.11,3.83,1.78,1.5,5.5,2.61,5.5,2.89,6.89,2.94,2.39,1.78,5.61,2.89,6.06,654.25
4,56,2019-02-03,5,2019,2019-5,3.06,2.62,4.25,4.81,5.69,5.5,3.56,2.62,1.62,4.75,2.81,7.0,3.31,6.81,3.19,1.88,1.81,6.5,2.62,7.0,661.82,2.72,2.91,4.94,5.06,5.66,5.59,4.41,2.03,1.44,5.84,3.16,4.88,3.56,6.91,3.19,2.94,1.72,4.5,2.72,6.0,654.67
5,57,2019-02-10,6,2019,2019-6,2.64,2.55,4.45,5.18,4.0,5.36,2.91,2.64,1.64,6.0,2.91,5.36,3.82,6.91,4.82,3.64,1.73,5.45,1.64,7.0,646.8,3.04,2.58,6.17,6.67,6.21,6.71,4.33,3.08,1.29,5.83,3.25,5.92,3.88,7.17,2.75,3.12,1.79,7.04,4.12,6.42,682.67
6,58,2019-02-17,7,2019,2019-7,2.86,2.38,5.43,4.05,4.0,5.19,3.62,2.05,1.38,6.43,3.19,7.67,4.24,6.81,2.57,2.67,1.81,4.62,3.38,7.05,665.69,3.98,3.04,5.5,6.02,6.0,6.46,4.44,3.12,1.6,6.46,3.8,5.54,3.22,7.08,2.44,3.5,1.86,6.26,3.2,7.24,675.92
7,59,2019-02-24,8,2019,2019-8,2.87,2.61,4.83,5.83,5.83,7.35,4.57,2.87,1.39,6.3,3.96,6.48,4.0,7.0,2.09,1.52,1.57,4.52,5.09,7.74,679.27,2.46,3.33,5.0,5.21,4.88,6.88,3.75,2.71,1.29,5.38,3.08,5.25,3.25,7.21,2.83,3.54,1.83,5.17,3.12,5.08,658.82
8,60,2019-03-03,9,2019,2019-9,2.0,2.09,7.64,4.0,4.36,6.36,3.64,2.18,1.64,3.91,3.27,6.18,3.73,6.64,1.91,2.64,1.82,6.18,4.73,8.27,666.38,3.36,3.0,5.64,6.6,5.84,7.4,3.76,2.84,1.52,5.32,2.8,5.12,3.76,6.68,2.2,3.0,1.68,6.44,3.32,5.64,667.46
9,61,2019-03-10,10,2019,2019-10,2.38,1.75,3.12,5.25,4.5,7.75,4.25,3.0,1.38,5.5,2.12,5.38,3.62,7.12,2.88,2.12,1.88,5.75,2.75,6.25,666.76,2.83,3.22,6.39,5.72,4.78,4.72,2.83,2.44,1.56,4.89,2.33,5.17,2.94,7.0,2.83,1.83,1.67,4.06,2.67,5.17,647.31
10,62,2019-03-17,11,2019,2019-11,2.71,2.43,3.57,3.43,4.43,6.29,4.71,1.57,1.43,5.71,4.86,6.29,2.57,6.71,1.14,3.0,1.71,5.71,4.14,6.14,660.7,3.28,3.24,5.31,5.79,5.24,7.0,3.59,2.93,1.48,5.76,2.86,5.76,4.48,6.69,3.24,3.34,1.66,4.93,3.07,5.69,661.0
11,63,2019-03-24,12,2019,2019-12,2.73,2.82,3.91,5.55,6.09,6.45,3.91,2.36,1.36,5.91,2.45,6.36,4.09,7.18,2.64,2.82,1.64,4.0,3.55,5.27,660.04,2.52,2.71,5.33,5.29,6.1,6.52,2.9,3.05,1.52,5.81,2.57,5.62,2.81,7.14,3.67,3.38,1.81,5.24,2.86,6.62,659.52
12,64,2019-03-31,13,2019,2019-13,2.44,2.88,2.62,4.19,3.81,4.75,3.38,2.0,1.5,5.31,2.0,4.69,4.44,7.0,3.44,0.75,1.5,5.19,1.5,5.94,637.91,3.38,3.08,5.54,5.96,5.58,5.79,3.33,3.46,1.29,5.88,3.17,5.46,3.62,7.25,1.29,3.0,1.79,4.62,4.29,6.21,674.1
13,65,2019-04-07,14,2019,2019-14,3.06,2.38,4.81,4.5,3.94,5.69,2.94,2.44,1.44,3.88,2.5,5.62,4.12,6.75,2.31,1.88,1.88,6.06,2.38,5.38,657.18,2.9,2.6,5.7,6.45,5.95,7.6,3.2,2.15,1.3,5.45,2.55,6.0,4.0,7.25,2.35,2.4,1.8,5.85,3.0,5.95,672.82
14,66,2019-04-14,15,2019,2019-15,2.71,3.52,5.57,4.81,6.81,5.62,3.9,2.71,1.43,4.57,3.0,6.1,4.9,6.57,3.57,3.48,1.62,6.29,2.52,6.71,659.01,3.0,2.5,4.94,5.33,5.28,6.0,3.39,2.5,1.28,7.17,4.83,7.0,2.78,7.11,2.11,3.28,1.56,5.17,4.06,7.78,673.2
15,67,2019-04-21,16,2019,2019-16,3.0,2.93,5.43,4.0,3.93,5.0,3.29,2.21,1.43,5.36,2.07,4.86,2.71,6.64,3.36,2.64,1.57,5.36,2.71,6.5,644.86,2.63,3.0,4.32,5.84,5.21,6.58,4.63,3.21,1.53,6.16,3.11,5.32,3.32,6.63,3.58,2.68,1.79,5.53,2.89,6.53,662.37
16,68,2019-04-28,17,2019,2019-17,3.17,2.42,4.83,5.0,5.42,7.33,3.42,2.92,1.67,5.42,1.83,5.58,2.08,6.92,1.17,2.58,1.75,6.75,2.17,7.17,662.87,3.73,2.41,5.59,6.77,6.41,6.45,4.18,2.95,1.5,7.14,3.09,6.77,4.14,7.14,1.5,3.05,1.86,5.55,3.73,8.18,687.7
17,69,2019-05-05,18,2019,2019-18,2.4,2.6,4.6,4.6,3.3,6.0,2.1,2.1,1.5,5.5,2.9,6.6,4.1,6.5,1.0,2.7,1.8,4.3,1.4,5.3,649.33,3.5,2.67,5.17,4.94,5.11,5.28,3.28,2.22,1.39,5.61,2.78,4.94,3.5,6.89,1.33,1.83,1.83,4.5,2.72,4.89,660.47
18,70,2019-05-12,19,2019,2019-19,3.27,2.45,4.91,4.45,6.27,7.55,5.73,2.36,1.55,5.91,2.64,7.45,3.27,7.18,2.55,1.09,1.64,6.73,3.45,7.0,676.64,3.35,2.35,6.47,6.06,5.82,5.76,3.71,2.59,1.47,6.24,2.88,5.59,2.35,7.24,2.29,1.59,1.82,5.59,3.41,6.24,672.86
19,71,2019-05-19,20,2019,2019-20,1.65,2.82,6.24,5.41,5.94,7.59,4.59,3.47,1.41,6.0,3.0,5.71,5.29,7.0,4.12,2.76,1.82,5.88,3.59,6.94,674.24,2.51,2.97,5.38,5.03,5.54,7.41,4.0,3.43,1.24,6.68,3.43,5.92,4.19,7.03,3.11,2.65,1.7,6.03,4.43,4.78,673.65
20,72,2019-05-26,21,2019,2019-21,2.52,2.6,4.4,6.28,4.8,5.8,3.08,1.92,1.32,5.4,3.2,6.04,4.72,7.04,2.88,1.44,1.56,5.68,2.84,5.96,660.72,2.8,3.19,5.77,6.12,5.72,6.47,4.78,3.03,1.3,6.38,3.78,4.66,4.84,7.12,2.44,2.47,1.55,6.38,4.33,5.53,673.63
21,73,2019-06-02,22,2019,2019-22,2.62,2.31,4.77,3.77,3.46,5.08,2.85,2.23,1.54,5.08,2.31,4.69,2.62,6.62,2.46,3.38,1.62,6.0,3.15,7.77,645.32,2.7,2.83,5.65,5.39,5.74,6.7,4.65,2.83,1.43,6.17,2.91,5.35,3.61,6.74,4.78,3.91,1.48,5.83,2.26,5.0,653.94
22,74,2019-06-09,23,2019,2019-23,2.75,3.0,5.0,4.67,3.83,5.75,3.17,2.0,1.25,4.42,2.5,6.92,2.42,5.92,3.58,2.75,1.67,4.42,1.92,5.17,644.37,3.08,3.35,5.88,4.88,5.23,6.77,4.31,3.23,1.35,6.0,3.12,6.65,2.62,7.0,2.77,3.31,1.69,5.69,3.08,6.81,668.22
23,75,2019-06-16,24,2019,2019-24,2.6,2.9,5.6,4.8,5.6,7.1,3.5,1.5,1.6,5.8,3.2,5.3,3.8,6.9,3.3,2.5,1.9,8.3,3.2,6.7,664.62,3.09,3.45,5.86,5.32,5.77,6.77,4.95,2.77,1.55,6.32,2.45,6.0,2.91,6.82,2.14,4.45,1.82,5.77,3.27,5.41,663.37
24,76,2019-06-23,25,2019,2019-25,3.36,2.45,5.73,6.36,6.91,4.0,3.18,2.82,1.27,5.27,1.91,6.73,3.45,6.73,0.91,3.55,1.82,6.73,4.09,7.91,678.56,3.05,3.42,5.58,5.11,5.58,6.21,4.11,3.0,1.53,6.26,3.58,5.89,3.63,7.32,1.47,4.05,1.79,4.63,3.26,5.63,664.41
25,77,2019-06-30,26,2019,2019-26,3.0,2.11,5.83,5.61,5.0,4.94,3.0,2.56,1.67,5.28,3.5,6.5,3.17,6.72,3.22,1.83,1.72,5.56,3.28,6.67,661.5,3.0,3.42,6.5,5.17,4.67,5.08,4.67,2.42,1.42,6.17,4.08,6.5,3.17,7.08,3.08,1.42,1.83,6.83,4.75,7.42,675.69
26,78,2019-07-07,27,2019,2019-27,3.16,2.58,5.79,5.16,5.68,6.42,4.84,3.79,1.37,6.0,2.84,6.79,4.0,7.05,2.58,2.42,1.95,5.95,3.95,6.74,684.22,3.06,2.88,5.0,4.29,6.0,5.29,3.59,2.24,1.59,5.47,3.18,4.94,2.35,7.24,2.12,3.0,1.76,4.53,3.35,5.24,651.94
27,79,2019-07-14,28,2019,2019-28,2.67,2.61,4.22,4.94,4.83,5.78,3.72,2.17,1.56,5.44,3.56,4.89,4.56,6.89,4.39,2.72,1.83,5.11,3.61,6.56,655.73,3.16,3.47,5.42,5.47,5.68,6.21,4.63,2.89,1.26,5.42,3.42,7.0,3.32,6.79,2.84,4.89,1.58,6.0,2.42,6.0,663.18
28,80,2019-07-21,29,2019,2019-29,2.84,3.0,5.53,5.68,5.95,6.74,3.53,2.84,1.42,5.11,3.21,6.0,3.0,6.47,2.21,3.68,1.79,5.32,2.95,7.89,666.59,3.04,3.28,5.16,5.44,4.96,5.76,3.24,3.08,1.52,4.72,2.28,5.84,3.24,6.96,1.88,3.16,1.72,5.32,2.88,5.4,655.29
29,81,2019-07-28,30,2019,2019-30,2.88,1.94,5.0,5.75,4.56,6.88,3.25,2.19,1.31,6.31,2.81,5.94,3.69,7.0,4.56,3.06,1.81,5.25,3.31,7.12,666.64,3.09,3.05,6.18,5.64,5.05,6.27,3.09,2.86,1.45,6.0,3.14,5.91,3.0,7.59,2.36,4.23,1.73,5.59,3.55,6.59,665.13
30,82,2019-08-04,31,2019,2019-31,2.77,2.73,4.45,5.86,6.0,6.55,5.36,2.59,1.23,5.55,3.23,6.45,4.82,7.0,3.27,2.41,1.86,6.77,3.27,7.73,681.19,2.5,3.06,5.21,5.24,6.62,6.41,3.5,3.24,1.53,6.06,2.53,5.35,2.91,6.79,4.15,3.35,1.74,5.32,2.56,6.44,656.88
31,83,2019-08-11,32,2019,2019-32,2.91,2.35,4.92,5.81,4.79,6.11,4.19,2.95,1.3,5.72,3.84,6.12,4.61,6.66,4.86,3.08,1.64,4.73,3.76,5.98,665.12,2.91,2.86,4.98,5.79,6.21,7.21,4.67,3.19,1.42,6.0,3.35,5.86,3.93,6.77,4.42,3.4,1.84,6.07,3.3,5.77,670.39
32,84,2019-08-18,33,2019,2019-33,2.12,2.71,4.47,3.94,2.71,5.94,3.18,1.82,1.47,4.65,2.47,4.12,3.06,6.41,3.41,2.24,1.41,3.47,1.82,5.18,627.31,3.0,2.57,4.57,5.43,5.18,6.71,4.54,2.25,1.54,6.61,3.61,5.68,2.89,6.71,3.46,2.57,1.86,4.71,2.86,5.93,662.22
33,85,2019-08-25,34,2019,2019-34,2.31,2.31,3.38,3.06,3.69,4.38,3.0,1.5,1.56,3.5,2.5,4.62,2.38,7.12,2.5,2.94,1.75,5.44,2.19,5.5,631.87,2.96,2.54,6.17,5.42,5.62,5.5,4.62,2.79,1.62,5.79,3.29,5.21,3.42,6.75,1.92,3.0,1.79,5.08,2.62,5.0,661.62
34,86,2019-09-01,35,2019,2019-35,2.78,2.67,3.94,5.06,5.0,5.61,3.0,2.06,1.39,4.28,3.33,6.83,4.5,6.39,4.33,3.22,1.67,5.28,3.39,6.11,652.72,2.92,2.83,5.75,6.46,6.92,7.25,4.08,3.12,1.67,6.62,3.25,5.5,5.04,7.17,3.38,2.42,1.88,5.75,4.08,6.04,677.0
35,87,2019-09-08,36,2019,2019-36,3.31,3.15,5.62,3.54,5.69,7.85,3.85,1.46,1.69,4.46,2.77,7.15,3.0,7.0,5.85,2.46,1.69,6.62,2.69,6.85,652.43,3.0,2.76,4.44,5.44,5.4,6.8,4.72,2.36,1.44,6.36,2.68,5.6,2.96,7.0,2.16,3.28,1.72,5.6,3.0,5.52,662.46
36,88,2019-09-15,37,2019,2019-37,2.28,2.75,3.78,4.5,3.69,6.38,3.38,2.47,1.28,5.44,2.59,6.5,3.53,7.12,3.72,2.62,1.75,4.47,3.09,4.62,651.37,2.68,3.13,4.68,5.35,5.77,7.42,3.9,2.74,1.42,4.97,3.42,5.9,3.58,7.06,2.9,3.48,1.74,5.68,3.58,5.03,662.01
37,89,2019-09-22,38,2019,2019-38,2.37,3.58,3.21,4.37,4.21,6.53,4.32,2.47,1.63,5.58,2.63,5.42,3.89,7.26,3.84,3.53,1.74,4.53,2.74,6.74,644.71,2.81,2.61,5.19,5.28,5.53,7.86,4.19,3.03,1.53,6.69,3.53,6.03,5.0,7.33,2.72,3.17,1.69,6.06,3.03,6.08,672.72
38,90,2019-09-29,39,2019,2019-39,2.76,2.0,4.53,6.12,6.0,5.53,3.53,2.35,1.41,5.41,3.41,7.24,5.35,6.53,4.18,2.18,1.76,5.24,3.82,7.71,672.45,2.82,3.35,6.06,5.35,5.82,5.88,3.53,2.94,1.29,4.76,4.12,5.82,2.82,7.12,2.59,3.76,1.65,4.94,3.24,6.65,662.59
39,91,2019-10-06,40,2019,2019-40,2.92,2.42,5.17,5.33,5.58,5.08,4.17,2.67,1.33,5.75,3.5,5.42,3.5,6.42,3.5,2.75,1.5,4.83,4.42,6.92,661.88,3.2,3.4,4.88,6.52,5.88,6.68,3.36,3.24,1.36,5.6,2.44,4.96,3.76,6.88,2.6,2.76,1.72,5.08,2.36,4.84,661.42
40,92,2019-10-13,41,2019,2019-41,2.62,3.38,4.69,5.08,6.0,6.92,3.58,2.62,1.38,5.81,3.23,6.04,4.0,6.92,3.23,2.69,1.73,5.19,3.62,5.96,662.85,2.89,2.97,5.7,4.65,5.27,7.08,3.38,2.54,1.46,5.0,3.54,5.05,3.57,6.97,2.35,2.73,1.92,5.38,2.92,5.81,663.49
41,93,2019-10-20,42,2019,2019-42,2.93,2.67,5.27,4.6,4.0,5.53,3.33,2.67,1.6,5.73,3.07,6.4,5.33,6.87,1.73,2.73,1.73,4.87,3.4,6.6,662.0,3.32,2.72,6.68,5.12,7.04,5.76,3.6,3.68,1.44,5.64,2.84,5.76,3.4,7.16,2.96,3.12,1.76,5.08,3.24,6.6,671.9
42,94,2019-10-27,43,2019,2019-43,2.68,2.59,4.86,5.18,4.68,7.23,4.09,2.59,1.32,5.59,3.18,7.5,4.32,6.82,2.77,2.0,1.86,6.14,3.95,6.95,677.19,3.15,2.93,5.48,5.74,6.67,6.81,4.19,2.81,1.33,7.0,3.56,5.7,3.85,7.04,2.52,2.3,1.67,6.11,3.33,6.33,676.64
43,95,2019-11-03,44,2019,2019-44,2.29,2.5,5.07,5.07,5.64,4.64,4.0,2.86,1.43,5.21,3.14,4.57,3.29,6.14,3.21,2.14,1.43,5.79,2.64,4.29,647.37,3.1,2.8,5.29,6.34,6.59,7.27,4.12,2.8,1.41,6.54,3.39,6.73,3.68,6.68,3.46,2.34,1.73,6.34,3.15,5.83,675.25
44,96,2019-11-10,45,2019,2019-45,2.22,2.7,4.04,4.52,4.17,5.22,2.74,1.78,1.39,4.3,1.83,6.52,2.48,7.0,1.7,3.39,1.61,5.7,2.26,7.0,644.62,2.85,3.25,4.1,5.65,6.05,6.5,3.4,3.3,1.4,6.05,2.2,6.25,5.05,7.2,1.9,2.25,1.7,6.3,3.15,6.9,671.76
45,97,2019-11-17,46,2019,2019-46,2.0,2.69,4.46,4.46,5.85,5.85,3.62,1.92,1.54,5.69,2.46,5.92,3.62,7.31,3.38,2.0,1.85,5.46,2.85,6.85,656.56,3.1,2.58,5.48,6.0,6.13,6.94,3.35,2.84,1.45,5.19,2.87,6.32,3.26,7.0,2.77,2.97,1.74,5.52,3.68,5.19,667.24
46,98,2019-11-24,47,2019,2019-47,2.75,2.5,4.38,4.75,4.94,6.19,4.19,3.0,1.38,5.25,4.25,6.0,4.0,6.44,2.69,1.75,1.69,5.19,3.25,6.5,666.54,3.42,2.89,5.95,5.37,6.05,6.58,2.95,2.84,1.53,5.32,2.32,6.47,2.47,7.0,1.42,4.05,1.74,5.53,2.63,6.26,662.94
47,99,2019-12-01,48,2019,2019-48,3.05,2.58,5.53,5.11,4.74,6.74,4.16,2.53,1.32,5.32,3.47,6.32,3.11,7.21,3.16,3.21,1.79,5.0,3.0,6.79,667.34,3.52,2.81,6.0,6.38,7.14,7.38,3.71,3.43,1.43,5.48,2.9,6.05,4.24,7.19,4.05,3.43,1.81,6.0,4.14,5.71,677.67
48,100,2019-12-08,49,2019,2019-49,2.68,2.68,5.48,5.4,6.36,6.72,3.76,3.12,1.28,4.68,3.08,6.28,3.76,7.16,4.16,2.24,1.84,4.44,4.16,7.12,672.42,3.0,3.0,6.07,5.93,7.07,7.81,5.11,3.41,1.3,6.15,3.89,6.33,3.74,6.78,3.56,3.26,1.81,5.85,3.19,6.59,682.32
49,101,2019-12-15,50,2019,2019-50,2.17,2.67,5.39,5.89,4.83,6.44,4.0,2.67,1.28,5.61,1.67,5.78,2.78,7.22,3.5,3.33,1.72,5.28,3.06,6.33,659.38,2.76,2.82,4.29,5.0,4.06,5.47,3.35,2.71,1.47,5.18,2.29,5.35,2.24,6.76,1.53,3.41,1.53,5.18,2.65,5.29,645.32
50,102,2019-12-22,51,2019,2019-51,3.31,2.5,6.75,5.75,6.44,5.56,4.0,3.06,1.56,5.31,3.5,5.56,4.19,6.75,2.75,3.81,1.69,6.31,4.06,7.5,672.68,2.58,2.83,5.5,6.42,6.42,6.5,2.83,3.08,1.5,4.5,3.83,4.17,2.0,7.5,2.58,3.92,1.92,6.0,4.25,6.17,664.54
51,103,2019-12-29,52,2019,2019-52,2.9,2.6,5.1,4.7,6.1,6.4,4.4,2.9,1.5,5.6,3.9,6.8,3.3,7.1,3.4,3.4,1.8,4.7,3.6,6.8,667.85,2.45,2.9,4.9,5.45,6.1,5.3,5.2,3.1,1.5,6.05,4.25,6.7,3.4,6.7,3.3,3.75,1.75,5.95,3.45,5.8,665.88
52,104,2020-01-05,1,2020,2020-1,2.87,2.73,5.93,5.27,5.33,7.47,4.73,2.4,1.13,5.0,1.47,6.87,2.93,6.67,1.93,2.73,1.67,6.53,3.4,6.2,671.91,2.68,3.25,5.07,4.86,5.43,6.07,3.46,2.71,1.39,5.11,2.79,6.21,3.64,7.36,2.11,2.75,1.75,5.21,3.0,5.64,660.57
53,105,2020-01-12,2,2020,2020-2,2.92,2.29,4.5,5.92,5.29,6.08,4.04,2.83,1.46,5.71,3.0,5.67,3.88,7.04,3.17,2.25,1.67,6.12,3.12,7.04,667.44,2.96,2.83,4.71,6.29,7.12,8.0,4.08,2.79,1.25,5.58,2.67,6.62,3.33,6.96,1.83,3.17,1.71,4.96,2.67,5.38,672.36
54,106,2020-01-19,3,2020,2020-3,2.9,2.7,4.9,6.5,5.9,7.0,3.5,2.7,1.5,6.5,2.2,5.3,3.8,6.9,3.6,3.8,1.8,5.9,2.5,7.1,664.62,2.65,3.06,5.76,5.53,5.47,5.85,3.41,2.88,1.41,5.85,3.0,5.91,3.09,6.94,2.0,3.53,1.56,4.65,2.97,5.94,657.72
55,107,2020-01-26,4,2020,2020-4,3.07,3.07,4.64,5.07,6.43,7.0,4.36,2.43,1.43,5.43,2.36,6.64,4.43,6.57,3.79,4.29,1.71,4.93,3.21,5.86,660.01,2.87,3.09,5.83,7.0,6.04,7.09,5.22,3.22,1.35,5.91,3.91,6.48,4.83,6.57,2.35,4.17,1.91,6.48,4.09,6.65,684.88
56,108,2020-02-02,5,2020,2020-5,2.47,2.79,6.42,5.42,3.95,6.21,2.84,2.68,1.37,5.32,3.05,6.32,3.0,7.05,3.11,2.68,1.89,5.26,2.47,6.26,662.12,3.21,3.07,5.93,6.86,5.93,7.5,5.0,3.07,1.14,5.29,2.64,6.71,2.14,6.86,3.0,2.14,2.0,5.0,3.5,6.93,683.16
57,109,2020-02-09,6,2020,2020-6,2.5,2.08,5.17,4.67,4.67,6.08,3.92,2.33,1.33,5.83,4.75,6.5,4.83,7.08,1.25,2.58,1.83,4.67,4.92,6.58,676.68,2.94,2.46,4.87,6.54,6.08,7.19,4.06,3.31,1.42,5.9,3.71,6.02,3.87,6.73,2.15,3.08,1.77,6.69,3.29,5.23,675.92
58,110,2020-02-16,7,2020,2020-7,3.0,2.67,5.93,5.73,6.0,7.6,4.73,2.4,1.6,6.47,3.33,7.73,4.47,6.67,3.53,3.8,1.8,6.4,3.53,7.07,675.94,3.51,2.95,6.14,5.51,5.91,6.37,4.98,3.23,1.53,6.82,4.04,5.91,5.14,7.07,2.11,2.67,1.79,5.96,3.61,6.53,681.84
59,111,2020-02-23,8,2020,2020-8,2.2,2.6,6.8,6.37,5.83,7.17,4.1,1.83,1.37,5.87,3.6,6.07,3.97,6.67,1.5,2.5,1.57,6.37,4.9,6.33,674.08,2.88,2.98,6.84,6.49,5.45,7.2,4.42,2.37,1.36,6.44,4.08,6.13,4.29,6.85,2.42,2.68,1.53,5.92,4.58,5.25,674.35
60,112,2020-03-01,9,2020,2020-9,2.23,3.23,4.23,5.15,4.85,7.15,3.77,2.77,1.54,6.15,2.08,6.08,3.69,6.62,3.38,3.0,1.69,7.0,2.62,6.62,656.72,2.82,3.21,5.18,5.68,5.75,6.79,3.14,2.46,1.36,4.93,3.29,4.68,2.46,7.11,1.96,3.79,1.68,4.39,2.21,5.82,653.72
61,113,2020-03-08,10,2020,2020-10,3.11,2.42,6.21,5.79,5.84,6.63,4.16,2.63,1.47,5.42,3.21,6.26,3.32,6.32,1.53,2.89,1.84,6.79,3.32,5.47,673.59,2.57,3.0,5.43,5.96,6.07,5.61,4.0,2.29,1.32,5.57,2.93,5.61,3.71,7.32,1.93,3.36,1.64,5.96,3.25,5.86,663.96
62,114,2020-03-15,11,2020,2020-11,3.5,2.3,2.7,5.3,4.7,7.8,4.0,2.0,1.4,6.3,3.8,7.1,3.0,7.3,2.8,2.7,1.7,4.4,3.5,5.9,665.57,3.12,3.33,5.27,5.27,5.36,8.21,3.61,2.85,1.42,5.76,3.79,6.06,3.06,6.94,3.3,2.76,1.7,5.21,3.0,5.33,663.79
63,115,2020-03-22,12,2020,2020-12,2.89,2.85,4.48,6.19,5.19,8.41,4.67,2.33,1.3,4.78,4.15,5.48,4.22,7.07,4.37,3.19,1.81,5.56,3.63,5.7,668.92,2.98,3.21,4.29,5.42,4.75,7.06,3.42,1.83,1.29,4.56,2.04,5.62,3.35,6.92,4.77,3.17,1.52,4.42,2.15,5.21,643.22
64,116,2020-03-29,13,2020,2020-13,2.86,2.48,6.14,5.24,6.0,6.86,4.05,1.81,1.29,5.81,3.95,6.38,4.38,7.43,3.29,2.1,1.76,5.95,4.0,7.71,679.0,3.0,2.94,6.1,5.27,5.45,6.35,3.2,2.92,1.37,6.08,2.73,5.67,3.02,7.47,2.45,2.8,1.69,4.8,2.96,5.94,664.16
65,117,2020-04-05,14,2020,2020-14,2.25,2.7,4.65,4.2,4.05,3.6,3.15,2.2,1.5,6.4,3.2,5.1,3.05,7.0,3.75,2.95,1.8,5.75,2.5,5.65,645.39,3.35,2.45,6.35,5.42,5.68,6.29,4.19,2.42,1.32,5.68,2.65,5.42,2.32,7.26,2.13,2.97,1.81,5.0,2.39,7.13,669.41
66,118,2020-04-12,15,2020,2020-15,2.71,2.35,4.65,4.71,3.76,5.29,3.65,1.82,1.35,5.41,3.59,5.76,4.82,7.12,1.35,3.41,1.65,4.76,2.88,6.18,657.48,2.64,2.64,5.36,5.82,4.68,4.36,3.54,2.14,1.32,5.68,3.0,4.79,3.61,7.25,1.36,3.21,1.68,5.07,2.64,6.14,657.47
67,119,2020-04-19,16,2020,2020-16,2.82,2.47,5.18,5.47,4.06,5.47,3.35,1.94,1.18,4.53,3.71,5.24,3.59,7.24,2.41,2.0,1.71,5.53,3.24,7.82,665.49,3.0,2.87,6.05,5.92,5.63,6.66,4.53,2.74,1.34,5.89,2.74,5.84,2.76,7.11,2.95,2.42,1.76,5.82,2.82,6.05,669.86
68,120,2020-04-26,17,2020,2020-17,2.82,3.36,3.5,4.18,4.25,5.61,3.39,2.14,1.5,4.79,3.07,5.29,3.39,6.82,4.93,2.93,1.68,5.36,2.5,6.04,640.67,2.98,2.84,5.28,5.54,6.18,6.19,4.28,3.0,1.49,6.09,3.26,6.04,3.65,7.09,2.91,2.88,1.77,5.75,3.04,6.3,669.19
69,121,2020-05-03,18,2020,2020-18,2.75,1.84,4.88,5.91,4.12,6.53,3.91,2.66,1.44,5.66,3.28,6.28,4.62,7.03,2.69,2.22,1.72,5.22,3.28,6.78,670.17,2.93,2.82,5.1,5.9,5.54,6.36,3.82,2.64,1.56,5.77,3.34,5.85,3.49,6.85,2.92,2.85,1.67,6.1,2.57,5.61,660.98
70,122,2020-05-10,19,2020,2020-19,2.57,2.76,5.0,4.9,4.33,5.62,3.52,2.24,1.33,4.9,3.19,5.19,3.24,6.9,3.33,1.62,1.86,6.0,3.76,7.0,662.14,3.43,2.54,5.28,6.0,5.7,6.65,4.15,2.96,1.39,5.87,3.41,5.43,3.26,7.52,2.11,2.67,1.72,6.94,3.74,6.87,677.81
71,123,2020-05-17,20,2020,2020-20,2.88,2.35,5.32,5.65,5.91,5.97,4.56,2.71,1.44,5.41,4.0,6.5,4.44,7.41,3.74,2.82,1.76,6.06,4.59,7.74,677.38,3.03,3.0,5.06,6.8,5.8,6.6,4.54,3.14,1.6,6.54,4.31,5.2,4.23,7.51,4.43,2.94,1.69,5.71,3.77,6.23,669.39
72,124,2020-05-24,21,2020,2020-21,2.88,2.29,5.04,5.25,4.83,5.38,4.0,2.21,1.42,5.83,3.0,6.71,3.83,6.92,1.71,3.46,1.71,3.92,4.0,6.0,662.6,3.16,2.86,5.35,6.49,6.65,7.05,4.65,2.65,1.51,6.77,3.67,5.33,3.67,7.19,3.72,3.14,1.72,5.47,3.49,6.09,670.8
73,125,2020-05-31,22,2020,2020-22,2.59,2.29,4.59,4.47,4.59,5.06,4.47,3.06,1.35,5.53,4.41,5.71,4.24,6.53,4.18,3.0,1.65,7.53,3.82,7.88,667.85,2.88,3.06,4.35,4.68,5.53,6.09,3.32,2.53,1.5,5.59,3.32,5.44,2.74,6.85,4.06,3.26,1.62,4.97,3.24,6.18,650.11
74,126,2020-06-07,23,2020,2020-23,1.95,2.47,3.16,5.58,4.11,5.16,3.79,2.58,1.58,4.89,2.95,5.79,3.68,6.74,2.95,3.89,1.74,5.84,3.37,7.21,650.58,3.09,2.91,6.0,5.78,6.13,5.54,3.63,2.59,1.41,6.24,3.37,6.57,3.22,7.3,2.43,2.7,1.74,6.33,3.07,6.28,671.26
75,127,2020-06-14,24,2020,2020-24,2.96,2.5,5.0,5.12,5.81,6.77,5.15,2.85,1.58,6.31,3.42,5.92,4.38,7.08,3.85,2.08,1.69,6.15,4.12,7.54,673.65,3.02,2.94,4.73,6.02,5.31,5.57,4.33,2.61,1.37,5.76,3.14,5.31,3.86,7.1,3.18,3.12,1.73,5.2,3.65,6.39,663.95
76,128,2020-06-21,25,2020,2020-25,2.56,2.5,5.44,5.0,6.12,5.5,4.31,3.19,1.62,4.69,2.12,6.69,4.44,6.88,5.19,3.31,1.88,6.81,2.69,5.81,660.81,2.95,2.72,4.56,5.72,5.72,5.28,3.82,2.92,1.62,5.82,3.31,5.15,4.21,7.13,3.1,3.44,1.69,6.1,3.59,6.59,661.47
77,129,2020-06-28,26,2020,2020-26,2.74,2.87,4.3,5.22,5.26,5.52,4.39,2.7,1.43,6.43,2.78,5.83,4.17,7.26,3.52,2.57,1.74,5.48,3.17,6.09,662.42,3.19,3.1,5.23,5.58,5.74,5.06,3.61,3.26,1.52,6.32,4.0,5.03,4.29,7.45,2.29,3.26,1.58,5.19,4.06,6.1,664.82
78,130,2020-07-05,27,2020,2020-27,2.09,2.45,4.0,4.0,5.36,6.0,4.27,2.91,1.36,6.73,2.91,5.27,4.73,6.55,2.64,2.27,1.82,8.64,3.27,5.36,668.65,3.22,2.75,5.81,5.34,6.19,5.03,3.97,2.78,1.25,6.25,3.5,5.97,4.69,7.41,4.03,2.81,1.84,5.56,4.66,6.06,676.13
79,131,2020-07-12,28,2020,2020-28,3.19,3.06,4.69,5.0,4.88,6.44,4.75,2.81,1.25,5.5,3.44,5.25,3.5,6.56,5.06,3.0,1.75,5.19,2.44,5.12,658.02,2.83,3.03,4.13,5.27,4.43,4.83,3.5,3.07,1.37,5.5,2.87,4.5,3.33,7.23,3.27,2.87,1.63,5.43,2.83,6.4,652.85
80,132,2020-07-19,29,2020,2020-29,2.93,3.14,3.93,3.86,4.93,5.79,4.21,2.21,1.5,4.86,3.07,5.5,3.36,6.64,2.29,3.79,1.71,5.0,4.36,6.71,652.51,3.8,3.14,5.09,5.29,6.4,4.69,3.51,2.94,1.49,5.8,3.37,5.43,4.46,7.06,2.83,3.17,1.74,5.91,2.94,6.2,665.55
81,133,2020-07-26,30,2020,2020-30,2.73,2.38,5.73,5.35,5.15,6.81,5.23,2.08,1.35,5.65,3.08,6.54,4.73,6.96,4.19,2.65,1.69,5.5,3.23,6.12,668.52,3.13,2.33,4.93,5.7,5.5,6.23,3.67,3.2,1.33,6.8,2.93,5.7,3.63,7.3,3.4,2.43,1.77,5.63,3.37,6.93,674.02
82,134,2020-08-02,31,2020,2020-31,2.64,2.36,4.43,5.86,3.64,5.79,4.64,2.07,1.5,5.0,3.57,4.79,3.5,7.21,4.43,2.07,1.86,5.36,3.64,6.57,658.44,2.88,3.38,4.76,4.97,6.09,5.82,3.62,2.59,1.47,5.85,3.47,4.68,3.29,7.44,3.26,3.12,1.71,6.26,3.38,5.88,658.27
83,135,2020-08-09,32,2020,2020-32,2.72,2.67,6.5,6.11,6.67,7.0,5.5,3.56,1.56,6.11,5.61,6.61,5.78,7.06,3.44,3.33,1.78,7.17,5.17,7.94,692.94,3.23,2.65,4.31,5.08,6.27,5.12,4.04,2.85,1.38,5.54,3.08,5.04,4.08,7.23,2.27,3.12,1.62,5.85,3.77,6.73,665.46
84,136,2020-08-16,33,2020,2020-33,2.57,2.14,5.14,5.93,5.43,5.5,3.86,3.0,1.29,5.14,3.79,5.93,3.71,7.64,4.57,3.0,1.71,6.79,4.0,6.93,671.62,3.17,2.81,4.12,5.62,6.93,5.55,4.79,3.17,1.45,6.52,3.55,5.38,4.21,7.1,2.5,3.52,1.83,6.21,3.93,6.31,674.28
85,137,2020-08-23,34,2020,2020-34,2.41,2.82,5.41,4.12,4.18,4.94,3.12,2.18,1.47,4.53,3.24,5.71,3.18,6.65,3.71,2.18,1.82,5.12,3.12,6.53,650.37,2.67,3.0,4.89,5.59,4.67,5.3,4.22,2.74,1.59,5.59,3.26,4.81,3.63,7.07,3.89,2.41,1.67,5.04,3.44,5.96,653.24
86,138,2020-08-30,35,2020,2020-35,2.89,2.5,4.39,4.61,4.67,5.06,4.83,2.33,1.5,4.94,3.28,6.22,3.94,6.83,4.28,3.61,1.61,6.0,3.44,6.5,654.57,2.54,3.21,4.21,5.67,5.5,5.5,3.08,2.75,1.5,5.71,2.62,5.25,3.33,6.83,2.96,3.79,1.58,5.0,2.71,5.75,647.62
87,139,2020-09-06,36,2020,2020-36,2.64,2.5,3.29,4.86,5.11,5.61,4.82,2.46,1.61,5.57,3.5,6.32,3.82,6.5,3.54,2.96,1.68,5.71,3.71,6.57,656.96,3.2,3.0,5.75,5.92,6.72,7.02,4.88,2.75,1.6,6.4,4.42,5.85,5.1,6.88,4.92,3.4,1.78,6.52,4.75,6.52,676.07
88,140,2020-09-13,37,2020,2020-37,2.68,2.93,3.86,5.68,6.0,6.5,3.82,2.93,1.57,5.89,3.86,6.57,4.93,6.68,3.0,2.54,1.68,5.93,4.18,5.36,666.09,2.86,2.87,4.89,6.24,6.54,6.49,4.52,3.32,1.56,6.11,3.81,5.71,4.25,6.89,2.78,2.92,1.73,6.44,3.98,5.57,672.71
89,141,2020-09-20,38,2020,2020-38,2.66,2.6,5.52,5.42,5.6,6.16,5.68,3.18,1.44,6.08,4.22,6.6,4.34,6.64,2.48,2.42,1.82,6.78,4.66,6.22,681.66,2.84,3.05,3.87,6.53,6.85,7.07,4.89,3.0,1.52,6.12,4.01,5.68,3.63,7.2,3.03,3.64,1.71,6.06,4.3,5.8,670.61
90,142,2020-09-27,39,2020,2020-39,3.2,3.08,4.82,4.72,4.65,6.12,4.22,2.4,1.4,6.25,2.92,5.58,3.35,6.8,3.22,3.38,1.75,4.85,4.03,6.02,659.38,2.59,3.03,3.58,5.78,6.65,6.9,4.31,3.17,1.54,6.54,3.65,5.97,3.99,7.17,3.1,3.43,1.73,5.77,3.6,5.97,667.11
91,143,2020-10-04,40,2020,2020-40,2.82,2.23,4.41,5.36,5.82,5.86,4.68,2.59,1.36,6.14,4.0,5.14,5.09,6.59,3.41,1.91,1.73,6.86,4.45,6.86,675.67,2.86,3.04,5.21,5.89,6.9,6.4,4.39,3.04,1.46,6.29,3.9,5.99,3.58,7.47,3.61,3.5,1.72,6.12,4.12,6.0,671.89
92,144,2020-10-11,41,2020,2020-41,2.73,2.73,4.12,6.23,6.81,6.27,5.12,2.85,1.65,6.88,3.54,6.23,4.73,7.04,4.62,2.65,1.77,6.92,4.27,5.92,672.07,2.89,3.05,4.93,5.37,6.21,5.92,3.86,2.82,1.55,5.92,4.05,5.44,4.11,6.95,2.66,3.12,1.7,5.75,3.9,5.92,664.61
93,145,2020-10-18,42,2020,2020-42,3.0,2.81,3.95,5.19,4.95,5.86,3.95,3.43,1.48,6.29,3.0,5.86,3.95,7.1,3.76,2.76,1.76,6.67,3.76,6.29,666.44,3.02,2.62,4.6,5.65,6.08,6.45,3.65,3.05,1.32,5.78,3.6,5.75,4.1,7.22,1.88,2.78,1.75,5.88,3.38,6.08,673.78
94,146,2020-10-25,43,2020,2020-43,2.38,2.55,4.69,6.48,5.52,6.93,4.17,3.0,1.55,6.48,3.41,4.93,4.97,7.59,3.14,2.34,1.79,5.38,4.31,5.97,671.51,2.78,2.76,4.51,5.96,6.01,5.64,3.85,2.75,1.49,5.64,3.42,5.36,3.6,7.34,3.04,2.64,1.67,5.48,3.76,6.36,663.28
95,147,2020-11-01,44,2020,2020-44,2.94,2.17,4.44,5.17,5.56,7.17,4.78,2.39,1.17,6.5,3.94,7.78,4.06,6.94,2.17,2.83,1.83,5.33,4.17,6.89,684.37,2.81,3.06,4.47,5.33,5.61,6.22,4.19,2.5,1.39,6.72,3.89,5.86,4.31,7.0,3.58,3.69,1.67,5.28,3.5,6.03,663.08
96,148,2020-11-08,45,2020,2020-45,2.43,2.67,3.76,5.33,4.24,5.9,3.05,2.38,1.29,5.48,2.81,5.1,4.81,6.95,2.33,2.1,1.67,5.62,3.14,6.14,658.81,3.06,2.82,4.59,6.24,6.18,5.76,4.21,2.88,1.29,6.56,3.44,5.44,4.0,7.21,3.35,2.62,1.74,6.09,3.76,6.47,673.58
97,149,2020-11-15,46,2020,2020-46,3.6,2.85,4.4,5.6,5.05,6.65,4.0,3.05,1.25,6.2,3.35,6.3,4.5,6.25,2.75,2.85,1.95,6.3,3.3,6.5,678.29,3.55,2.82,5.48,6.03,6.58,6.58,4.52,3.06,1.48,5.76,3.85,5.48,4.39,7.24,2.61,3.61,1.88,6.42,3.85,6.0,678.47
98,150,2020-11-22,47,2020,2020-47,2.93,2.07,6.43,5.29,4.5,5.07,3.79,1.57,1.36,6.93,2.57,5.64,3.79,7.14,2.0,2.21,1.93,5.71,3.57,6.07,670.61,2.9,2.87,4.67,6.37,6.13,8.0,4.12,2.43,1.27,6.15,3.67,6.55,3.21,6.97,3.3,3.37,1.79,5.21,2.87,5.27,670.45
99,151,2020-11-29,48,2020,2020-48,1.83,2.71,3.75,4.08,4.83,5.5,3.29,2.58,1.5,4.75,2.5,5.04,5.62,6.88,4.08,2.42,1.42,4.29,3.54,5.04,640.44,2.65,2.83,3.93,6.0,6.0,6.41,3.93,3.24,1.5,5.43,3.41,5.11,4.46,6.59,3.39,3.5,1.72,5.43,4.37,5.24,661.7
100,152,2020-12-06,49,2020,2020-49,2.62,3.17,5.42,5.88,5.04,6.21,4.54,2.54,1.5,5.62,3.25,6.83,4.42,7.08,3.5,2.25,1.62,5.12,3.42,6.5,664.0,3.37,2.93,5.66,5.56,5.9,6.44,4.02,2.46,1.37,6.17,3.07,5.1,4.59,7.32,2.83,2.9,1.73,5.59,3.78,5.76,670.24
101,153,2020-12-13,50,2020,2020-50,2.6,2.6,4.47,5.53,6.87,7.0,3.87,2.67,1.6,6.0,3.67,5.2,5.13,6.87,3.8,2.27,1.73,5.53,3.8,6.73,667.77,2.73,3.12,5.0,5.12,6.73,6.0,4.35,2.81,1.5,5.38,3.08,5.5,3.46,6.65,3.65,2.65,1.77,5.62,3.42,6.35,662.03
102,154,2020-12-20,51,2020,2020-51,3.0,2.58,5.67,5.92,6.75,7.42,4.92,2.17,1.67,6.08,4.42,7.0,5.83,6.83,3.42,3.75,1.83,5.42,5.17,7.33,680.28,2.88,2.79,4.21,5.75,7.42,6.25,4.12,2.62,1.54,6.0,4.08,4.67,3.75,7.12,2.79,2.62,1.75,6.25,2.92,5.21,665.28
103,155,2020-12-27,52,2020,2020-52,2.4,3.1,5.2,5.5,5.1,7.3,4.35,2.55,1.55,5.1,4.35,5.5,4.35,6.3,2.5,2.35,1.85,5.65,3.7,5.55,665.22,2.82,3.0,4.27,5.91,5.64,6.09,5.0,2.73,1.64,6.36,4.0,4.27,4.64,7.18,2.18,3.64,1.82,5.64,5.09,4.82,665.49
